ECOMMERCE - MERCADO LIVRE 2024,
Título, Custo por unidade
1 - Orlist Plus | Fórmula Ultra Concentrada 120mg C/ 60 Caps,"R$ 22,58"
1 Orlists - Fórmula Concentrada 120mg - C/ 180 Cap,"R$ 65,78"
5 Htp  200mg Com 60 Cápsulas - Autêntico,"R$ 16,58"
5-htp  200mg Com 60 Cápsulas - Autêntico - Kit C/ 3 Unidades,"R$ 49,74"
5-htp  200mg Com 90 Cápsulas - Autêntico,"R$ 24,38"
"Anti Queda Max Colágeno Hidrolisado, Vit C, Biotina C/60 Cap","R$ 5,04"
"Anti Queda Max Colágeno Hidrolisado, Vit C, Biotina C/90 Cap","R$ 7,07"
"Anti Queda Max Colágeno, Vit C, Biotina Kit 3 Und C/60 Caps","R$ 15,12"
Base Fortalecedora De Unha - Nutre E Fortalece,"R$ 2,48"
Berberina Hcl 500mg | Autêntico C/60 Cápsulas,"R$ 48,16"
Berberina Hcl 500mg | Autêntico C/90 Cápsulas,"R$ 71,65"
Biotina 10mg - 10.000mcg - 60 Cápsulas,"R$ 3,35"
Biotina 10mg - 10.000mcg - Kit C/3 Und - C/60 Cápsulas,"R$ 10,05"
Cápsula Bariátrica - Emagrecedor Bariátrico C/120 Cáps,"R$ 39,99"
Carth Pro - Suporte Para Treinos Cafeína E Cártamo C/180 Cáp,"R$ 47,78"
Carth Pro - Suporte Para Treinos Cafeína E Cártamo C/90 Cáps,"R$ 24,38"
Coenzima Q10 100mg C/ Vitamina E 100 Ui - 90 Cápsulas,"R$ 25,87"
Coenzima Q10 Pura - Frasco com 60 Cápsulas,"R$ 15,98"
Coenzima Q10 Importada 100mg (ubiquinona) C/ 60 Cápsulas,"R$ 15,98"
Coenzima Q10 Importada 100mg (ubiquinona) C/ 90 Cápsulas,"R$ 23,48"
Colágeno Tipo 2 40mg - 90 Caps Alívio Dor Articular,"R$ 6,59"
Compulsão Alimentar Floral Bach - Adulto 30 Ml,"R$ 2,47"
Controle de Peso e Saciedade – Cápsula Bariátrica com Psyllium e Spirulina,"R$ 39,99"
"Creatina Monohidratada 300g  Pura, Vegana E Alta Absorção","R$ 50,33"
"Creatina Monohidratada 300g  Pura, Vegana, Alta Absorção","R$ 50,33"
Creme Anti Estria Hidratação E Renovação - 100g,"R$ 11,48"
"Creme Cicatriformula 100g - Cicatrizes, Estrias E Manchas","R$ 9,94"
"Creme Cicatriformula 100g Cicatriz, Estria E Mancha Kit C/3","R$ 29,82"
Creme Clareador Axilas E Virilhas 50g,"R$ 9,36"
Creme Facial Clareador De Manchas 30g ,"R$ 7,02"
"Creme Facial Clareador, Acne, Melasma 30g - Kit C/3 Unidades","R$ 21,06"
"Creme Facial Clareador, Acne, Melasma 30g Promoção","R$ 7,02"
Enzimas Digestivas com 90 Caps - Gastrorresistente,"R$ 17,68"
Esmalte Antifúngico - Ajuda no combate aos fungos que surgem nas unhas - 10ml,"R$ 4,99"
Floral Bach - Floral Terapia - Natural P Insônia Adulto 30ml,"R$ 4,99"
Gymnema Sylvestre Spray Anti Doces 30ml,"R$ 2,29"
Gymnema Sylvestre Spray Anti Doces 30ml - Kit C/3 Unidades,"R$ 6,87"
Kit 3 Pantoformula Turbinado C/60 Cápsulas Cabelo Renovado,"R$ 12,45"
Kit 3x Coenzima Q10 100mg 100% Pura Ubiquinona Importada,"R$ 47,94"
Kit 3x Colágeno Tipo 2 40mg - 60 Caps Alívio Articular,"R$ 13,62"
Kit 3x Pool Lactobacilo 60 Cápsulas - Imunidade E Intestinal,"R$ 2,97"
Kit Com 3 Cremes Clareadores Axilas E Virilhas 50g,"R$ 28,08"
Kit Com 3 Shape Fit C/ 60 Cápsulas,"R$ 46,68"
Kit Com 3 Vitaminas D 2000ui C/ 30 Cápsulas,"R$ 0,46"
"Lactobacilos Reuteri Diarreia, Dor E Prisão De Ventre 90 Cap","R$ 7,11"
Laranja Moro 500mg - Frasco com 60 cápsulas,"R$ 16,46"
Laranja Moro 500mg - Frasco com 60 cápsulas,"R$ 16,46"
Laranja Moro  (morosil) Auxilia Na Redução De Medidas 60caps,"R$ 16,46"
Laranja Moro - Auxilia Na Redução De Medidas - 90caps,"R$ 24,20"
Laranja Moro Auxilia Na Redução De Medidas Kit 3 Und 60 Cap,"R$ 49,38"
Lisina 500mg - Suplemento Para Prevenção De Herpes - 60 Cápsulas,"R$ 6,76"
Lisina 500mg - Suplemento Para Prevenção De Herpes - 60 Cáps,"R$ 6,76"
Lisina 500mg - Suplemento Para Prevenção De Herpes - 90 Cáps,"R$ 9,63"
Lisina 500mg Suplemento Para Prevenção De Herpes - 180 Cáps,"R$ 19,30"
Lisina 500mg Suplemento Para Prevenção De Herpes - 90 Cáps,"R$ 9,65"
Maca Peruana | Mais Disposição Libido 60 Caps - 600mg,"R$ 10,05"
Magnésio Dimalato 550mg - Frasco com 60 Cápsulas,"R$ 21,30"
Mix Enzimas Digestivas 60 Cáps Kit 3 Und - Gastrorresistente,"R$ 36,36"
Mix Enzimas Digestivas 60 Cápsulas - Gastrorresistente,"R$ 12,12"
Mix Enzimas Digestivas 90 Cápsulas - Gastrorresistente,"R$ 17,68"
"Mix Fibras - Psyllium, Fibregum, Inulina - S/baunilha - 150g","R$ 29,45"
Mix Fibras - Regulador Intestinal Natural - 150g,"R$ 29,45"
Ômega 3 - Epa 660mg E Dha 440mg - C/90 Cápsulas,"R$ 35,69"
Ômega 3 - Epa 660mg E Dha 440mg - Kit C/ 2 Und - C/90 Cáp,"R$ 71,38"
Orlists - Fórmula Natural Concentrada 120mg / C 90 Cápsulas,"R$ 33,38"
Pantofar   (pantoformula ),"R$ 4,15"
Pantofar   (pantoformula) Kit C/3 Frascos,"R$ 12,45"
Pantofar - Frasco Com 90 Cápsulas,"R$ 5,73"
Pantofar - Kit 3 Frascos Com 60 Cápsulas,"R$ 12,45"
Pantofar Homem + Vitamina B12  Kit 3 Frascos C/60 Caps,"R$ 4,05"
Pantofar Homem Com Vitamina B12 Frasco C/90 Caps,"R$ 1,82"
Pantofar Plus C/ Biotina E Ácido Fólico - 3 Und - C/60 Cáps,"R$ 38,61"
Pantofar Plus Com Biotina E Ácido Fólico -  C/60 Cápsulas,"R$ 4,29"
Pantofar Plus Com Biotina E Ácido Fólico -  C/90 Cápsulas,"R$ 4,94"
Pantofar Turbinado Premium Kit 3 Frascos C/60 Cáps,"R$ 33,51"
Pantoformula Homem C/60 Cápsulas - Manipulado,"R$ 1,35"
Pantoformula Homem C/90 Cápsulas - Manipulado,"R$ 1,82"
Pantoformula Homem Manipulado 60 Cápsulas  - Kit C/3 Und,"R$ 4,05"
Pantoformula Manipulado C/60 Cápsulas - Kit C/3 Unidades,"R$ 12,45"
Pantoformula Turbinado C/60 Cápsulas,"R$ 11,17"
Polypodium Leucotomos 400 Mg - Protetor Solar Oral C/60 Cap,"R$ 6,92"
Polypodium Leucotomos 400 Mg - Protetor Solar Oral C/60 Caps,"R$ 6,92"
Polypodium Leucotomos 400 Mg - Protetor Solar Oral C/90 Caps,"R$ 9,89"
Pool Lactobacillus 7bilhões + Inulina 100mg - Com 90 Cáps,"R$ 41,76"
Pool Lactobacilo 60 Cápsulas - Imunidade E Saúde Intestinal,"R$ 0,99"
Pool Lactobacilo 90 Cápsulas - Imunidade E Saúde Intestinal,"R$ 1,28"
Probiótico Para Candidíase - 30 Cápsulas,"R$ 4,58"
Probiótico Para Candidíase - 60 Cápsulas,"R$ 8,73"
Probiótico Para Candidíase - 90 Cápsulas,"R$ 12,90"
Probiótico Para Candidíase - Kit C/ 3 Und - C/ 60 Cápsulas,"R$ 26,22"
Probiótico Para Candidíase Masculino - 60 Cápsulas,"R$ 8,73"
Probiótico Para Candidíase Masculino - 90 Cápsulas,"R$ 12,90"
Probiótico Para Candidíase Masculino - Kit C/3 Und - 60 Cáps,"R$ 26,22"
Probióticos Para H. Pylori - Helicobacter Pylori - 60 Caps.,"R$ 10,09"
Protetor Solar Oral - Kit - 3 Unidades C/60 Caps,"R$ 20,76"
Rescue Floral Bach - Adulto 30 Ml,"R$ 5,41"
Sérum Facial Vit + C Ácido Hialurônico 30ml Fórmula Da Terra,"R$ 13,09"
Silimarina - Protetor Hepato Para O Fígado - 60 Caps,"R$ 6,28"
Silimarina - Protetor Hepato Para O Fígado - 90 Caps,"R$ 8,93"
Síndrome Do Intestino Irritável Lactobacillus Reuteri 90 Cap,"R$ 7,11"
Tônico Capilar Minoxiformula 100ml Cabelo | Crescimento,"R$ 9,28"
Uc-2 40mg (colágeno Tipo 2) ,"R$ 4,54"
Uc2 40mg Colageno Tipo 2 - Kit Com 180 Cápsulas,"R$ 13,62"
Vit D 5000 Ui + Vit B12 1 Mg - C/60 Cáps,"R$ 2,22"
Vit D 5000 Ui + Vit B12 1 Mg - C/90 Cáps,"R$ 3,12"
Vit D 5000 Ui + Vit B12 1 Mg - Kit 3 Und - C/90 Cáps,"R$ 6,66"
Vit D3 10.000 Ui + K2 Mk7 100mcg Kit 3 Und C/ 60 Cápsulas,"R$ 2,49"
Vit D3 10.000 Ui + K2 Mk7 100mcg Kit 3 Und C/ 60 Cápsulas ,"R$ 2,49"
Vit D3 10.000 Ui + K2 Mkt 100mcg C/ 60 Cápsulas ,"R$ 0,83"
Vitamina B12 - 5000mcg - 60 Cápsulas,"R$ 9,42"
Vitamina B12 - 5000mcg - 90 Cápsulas,"R$ 13,92"
Vitamina B12 Metilcobalamina 5000mcg - Kit 3x - 60 Cápsulas,"R$ 28,26"
Vitamina C Premium 500 Mg Ácido Ascórbico - 90 Cápsulas,"R$ 4,36"
Vitamina D 10.000ui Pura - 90 Cápsulas - Kit C/2 Unidades,"R$ 3,96"
Vitamina D 5.000ui Pura - 90 Cápsulas - Kit C/2 Unidades,"R$ 1,58"
Vitamina D3 10000ui + Vitamina K2 Mk7 100mcg 60 Cápsulas,"R$ 0,83"